{
  "oob_score": 0.8932243820346153,
  "threshold": 1.0,
  "pr_auc_train": 0.9347486398485936,
  "report_test": {
    "0": {
      "precision": 0.6866918019505811,
      "recall": 1.0,
      "f1-score": 0.8142469195100774,
      "support": 44076.0
    },
    "1": {
      "precision": 1.0,
      "recall": 0.028220740311201316,
      "f1-score": 0.05489237710311119,
      "support": 20694.0
    },
    "accuracy": 0.6895167515825228,
    "macro avg": {
      "precision": 0.8433459009752906,
      "recall": 0.5141103701556007,
      "f1-score": 0.43456964830659434,
      "support": 64770.0
    },
    "weighted avg": {
      "precision": 0.7867936986687326,
      "recall": 0.6895167515825228,
      "f1-score": 0.5716333190689818,
      "support": 64770.0
    }
  },
  "confusion_matrix_test": [
    [
      44076,
      0
    ],
    [
      20110,
      584
    ]
  ],
  "n_features": 13,
  "n_train": 259076,
  "n_test": 64770
}