{
  "n_train": 259076,
  "n_test": 64770,
  "pos_rate_train": 0.31950084145192914,
  "pos_rate_test": 0.3194997684113015,
  "threshold": 0.5,
  "oob_score": null,
  "pr_auc_train": 0.9228257682995429,
  "pr_auc_test": 0.9231342534420953,
  "report_test": {
    "0": {
      "precision": 0.9057313078461978,
      "recall": 0.9347263817043289,
      "f1-score": 0.9200004466129986,
      "support": 44076.0
    },
    "1": {
      "precision": 0.8508012238759529,
      "recall": 0.7927901807287137,
      "f1-score": 0.8207719438677239,
      "support": 20694.0
    },
    "accuracy": 0.8893777983634399,
    "macro avg": {
      "precision": 0.8782662658610754,
      "recall": 0.8637582812165212,
      "f1-score": 0.8703861952403613,
      "support": 64770.0
    },
    "weighted avg": {
      "precision": 0.8881811587388913,
      "recall": 0.8893777983634399,
      "f1-score": 0.8882969629660831,
      "support": 64770.0
    }
  },
  "confusion_matrix_test": [
    [
      41199,
      2877
    ],
    [
      4288,
      16406
    ]
  ]
}