{
  "n_train": 207260,
  "n_val": 51816,
  "n_test": 64770,
  "pos_rate_train": 0.31950207468879666,
  "pos_rate_val": 0.3194959085996603,
  "pos_rate_test": 0.3194997684113015,
  "threshold": 0.6029720930021494,
  "oob_score": null,
  "pr_auc_train": 0.9634712595211645,
  "pr_auc_test": 0.9618573616111156,
  "report_test": {
    "0": {
      "precision": 0.9883343808925205,
      "recall": 0.8918912787004265,
      "f1-score": 0.9376393841456869,
      "support": 44076
    },
    "1": {
      "precision": 0.8093618723744749,
      "recall": 0.977578041944525,
      "f1-score": 0.8855523211276238,
      "support": 20694
    },
    "accuracy": 0.91926817971283,
    "macro avg": {
      "precision": 0.8988481266334977,
      "recall": 0.9347346603224758,
      "f1-score": 0.9115958526366554,
      "support": 64770
    },
    "weighted avg": {
      "precision": 0.9311527058690152,
      "recall": 0.91926817971283,
      "f1-score": 0.9209975795741909,
      "support": 64770
    }
  },
  "confusion_matrix_test": [
    [
      39311,
      4765
    ],
    [
      464,
      20230
    ]
  ],
  "pos_preds_test": 24995
}