{
  "oob_score": 0.8911168923404715,
  "threshold": 1.0,
  "pr_auc_train": 0.9344032875807883,
  "report_test": {
    "0": {
      "precision": 0.6867131995512901,
      "recall": 1.0,
      "f1-score": 0.8142619619434694,
      "support": 44076.0
    },
    "1": {
      "precision": 1.0,
      "recall": 0.028317386682130085,
      "f1-score": 0.05507518796992481,
      "support": 20694.0
    },
    "accuracy": 0.6895476300756523,
    "macro avg": {
      "precision": 0.843356599775645,
      "recall": 0.514158693341065,
      "f1-score": 0.43466857495669714,
      "support": 64770.0
    },
    "weighted avg": {
      "precision": 0.7868082597409705,
      "recall": 0.6895476300756523,
      "f1-score": 0.5717019634779988,
      "support": 64770.0
    }
  },
  "confusion_matrix_test": [
    [
      44076,
      0
    ],
    [
      20108,
      586
    ]
  ],
  "n_features": 13,
  "n_train": 259076,
  "n_test": 64770
}